5cc9308f831b973d657f0f4e,歼-16战机
5cc9308f831b973d657f0f4f,FC-1“枭龙”/JF-17“雷电”多用途攻击机
5cc9308f831b973d657f0f50,苏-27战斗机
5cc9308f831b973d657f0f51,LCA战斗机
5cc9308f831b973d657f0f52,苏-30/苏-33“侧卫” 制空战斗机和对地攻击机
5cc93090831b973d657f0f53,F-16“战隼”
5cc93090831b973d657f0f54,麦克唐纳F-15E“打击鹰” 双座双发打击战斗机
5cc93090831b973d657f0f55,歼-31战斗机
5cc93090831b973d657f0f56,F-15鹰式战斗机
5cc93090831b973d657f0f57,歼-20战斗机
5cc93090831b973d657f0f58,F-35“闪电II”
5cc93090831b973d657f0f59,歼-11战斗机
5cc93090831b973d657f0f5a,P-59“空中彗星”战斗机
5cc93090831b973d657f0f5b,P-39“空中眼镜蛇”
5cc93090831b973d657f0f5c,波音PW-9单座单发双翼战斗机
5cc93091831b973d657f0f5d,贝尔P-63“眼镜蛇王”单翼战斗机
5cc93091831b973d657f0f5e,SE 5a/E战斗机
5cc93091831b973d657f0f5f,P-51A
5cc93091831b973d657f0f60,XP-26“玩具枪”单座单翼战斗机
5cc93091831b973d657f0f61,波音FB-1
5cc93091831b973d657f0f62,“鹰”200轻型多用途战斗机
5cc93091831b973d657f0f63,歼-7型战斗机
5cc93091831b973d657f0f64,AMX攻击战斗机
5cc93091831b973d657f0f65,F/A-18E/F/G“超级大黄蜂”舰载攻击/战斗机
5cc93091831b973d657f0f66,阵风战斗机
5cc93091831b973d657f0f67,歼-10战斗机
5cc93092831b973d657f0f68,幻影F1战斗机
5cc93092831b973d657f0f69,苏-32/苏-33U/苏-34“后卫”远程战斗机/攻击机
5cc93092831b973d657f0f6a,“幻影”Ⅲ/5/50喷气战斗机
5cc93092831b973d657f0f6b,“幻影”2000防空／多用途战斗机
5cc93092831b973d657f0f6c,EF2000“台风”战斗机
5cc93092831b973d657f0f6d,F9F战斗机
5cc93092831b973d657f0f6e,波音F4B-1战斗机
5cc93092831b973d657f0f6f,“幻影”2000D/N攻击机
5cc93093831b973d657f0f70,EMB-314M（A-29）“超巨嘴鸟” 
5cc93093831b973d657f0f71,波音F2B-1战斗机
5cc93093831b973d657f0f72,F-14“雄猫”战斗机
5cc93093831b973d657f0f73,洛克希德F-104“星战斗机”
5cc93093831b973d657f0f74,FD/FH“鬼怪”
5cc93093831b973d657f0f75,F3D/F-10“空中骑士”
5cc93093831b973d657f0f76,F-94“星火”战斗机
5cc93093831b973d657f0f77,F-80/TO/TV“流星”喷射战斗机
5cc93093831b973d657f0f78,F4D/F-6“天光”战斗机
5cc93094831b973d657f0f79,F-100“超佩刀” 战斗轰炸机
5cc93094831b973d657f0f7a,F11F/F-11'“虎"
5cc93094831b973d657f0f7b,F-117“夜鹰”
5cc93094831b973d657f0f7c,F/A-18A-D“大黄蜂”
5cc93094831b973d657f0f7d,F9F-9“美洲狮”轰炸机
5cc93094831b973d657f0f7e,F-15A-D“鹰”
5cc93094831b973d657f0f7f,F/RF-101E“魔术师”
5cc93094831b973d657f0f80,F-22“猛禽”战斗机
5cc93095831b973d657f0f81,F-86D/K/L “佩刀猛犬”
5cc93095831b973d657f0f82,F-4“鬼怪Ⅱ”
5cc93095831b973d657f0f83,L-17/U-18“纳维翁” 联络机/通用机
5cc93095831b973d657f0f84,F-82“双野马”
5cc93095831b973d657f0f85,FJ/F-1“狂怒”
5cc93095831b973d657f0f86,F/RF/86A-H “佩刀”
5cc93095831b973d657f0f87,F7U“弯刀”
5cc93095831b973d657f0f88,F2H/F-2“女妖”
5cc93095831b973d657f0f89,F3H/F-3“恶魔”
5cc93096831b973d657f0f8a,F6U“海盗船”
5cc93096831b973d657f0f8b,F-5E“虎II”
5cc93096831b973d657f0f8c,F/RF-84F“雷电”
5cc93096831b973d657f0f8d,F6F“泼妇”
5cc93096831b973d657f0f8e,F-84“雷电喷气”
5cc93096831b973d657f0f8f,F-105“雷公”战斗轰炸机
5cc93096831b973d657f0f90,P-40“战斧”
5cc93096831b973d657f0f91,F-5A/B“自由战士
5cc93096831b973d657f0f92,F-89“蝎子”
5cc93096831b973d657f0f93,P-40 “战鹰/小鹰”
5cc93097831b973d657f0f94,FR“火球”
5cc93097831b973d657f0f95,F8U/F-8“十字军战士”
5cc93097831b973d657f0f96,P-51D/K“野马”
5cc93097831b973d657f0f97,P-51B/C“野马”
5cc93097831b973d657f0f98,格鲁曼FF/SF
5cc93097831b973d657f0f99,F-102“三角剑”截击战斗机
5cc93098831b973d657f0f9a,P-47“雷电”战斗机
5cc93098831b973d657f0f9b,P-61“黑寡妇”战斗机
5cc93098831b973d657f0f9c,F4F/FM“野猫”战斗机
5cc93098831b973d657f0f9d,F-106“三角标枪”截击机
5cc93098831b973d657f0f9e,F7F“虎猫”战斗机
5cc93098831b973d657f0f9f,P-35A
5cc93098831b973d657f0fa0,F4U/FG-1“海盗”
5cc93098831b973d657f0fa1,P-38“闪电”
5cc93099831b973d657f0fa2,歼-6系列战斗机
5cc93099831b973d657f0fa3,AT-12“卫兵”
5cc93099831b973d657f0fa4,米格-29“支点”战斗机
5cc93099831b973d657f0fa5,格鲁曼F2F/F3F
5cc93099831b973d657f0fa6,苏-24“击剑手”战斗轰炸机
5cc93099831b973d657f0fa7,苏-35/苏-37“侧卫-E”  全天候防空战斗机
5cc93099831b973d657f0fa8,MB-3
5cc93099831b973d657f0fa9,歼-7系列战斗机
5cc93099831b973d657f0faa,共和43“长矛”
5cc93099831b973d657f0fab,歼-5战斗机
5cc9309a831b973d657f0fac,NA-50/-68和P-64
5cc9309a831b973d657f0fad,歼-8系列战斗机
5cc9309a831b973d657f0fae,歼-12战斗机
5cc9309a831b973d657f0faf,歼-7B/M型 战斗机
5cc9309a831b973d657f0fb0,歼-15战斗机
5cc9309a831b973d657f0fb1,歼-11BS战斗机 
5cc9309a831b973d657f0fb2,歼-9战斗机
5cc9309a831b973d657f0fb3,FW-190“百舌鸟”战斗机
5cc9309a831b973d657f0fb4,米格-25战斗机
5cc9309b831b973d657f0fb5,歼-11B战斗机 
5cc9309b831b973d657f0fb6,J-10B战斗机
5cc9309b831b973d657f0fb7,ME-109战斗机
5cc9309b831b973d657f0fb8,苏-25改进型/苏-25TM/苏-39
5cc9309b831b973d657f0fb9,T-50战斗机
5cc9309b831b973d657f0fba,J2M雷电局地战斗机
5cc9309b831b973d657f0fbb,A6M2-N/二式水上战斗机
5cc9309b831b973d657f0fbc,XF-88战斗机
5cc9309b831b973d657f0fbd,Hs 124战斗机
5cc9309c831b973d657f0fbe,J6K1 阵风 陆上战斗机
5cc9309c831b973d657f0fbf,Ki-45屠龙/2式复座战斗机 
5cc9309c831b973d657f0fc0,Ar 68战斗机
5cc9309c831b973d657f0fc1,A2N/90式舰上战斗机
5cc9309c831b973d657f0fc2,信天翁D．Ⅲ
5cc9309c831b973d657f0fc3,J7W1震电战斗机
5cc9309c831b973d657f0fc4,J8M1秋水局地战斗机 
5cc9309c831b973d657f0fc5,J1N1/2式夜间战斗机
5cc9309c831b973d657f0fc6,He 219夜枭战斗机
5cc9309d831b973d657f0fc7,Me 263战斗机
5cc9309d831b973d657f0fc8,He 51战斗机
5cc9309d831b973d657f0fc9,Bf 108台风式飞机
5cc9309d831b973d657f0fca,92式战斗机
5cc9309e831b973d657f0fcb,J.I攻击机
5cc9309e831b973d657f0fcc,Ki-201火龙战斗机
5cc9309e831b973d657f0fcd,Ki-43隼/1式
5cc9309e831b973d657f0fce,Ki-49吞龙轰炸机
5cc9309e831b973d657f0fcf,Ho 229战斗机
5cc9309e831b973d657f0fd0,1MF/10式舰上战斗机
5cc9309f831b973d657f0fd1,He100战斗机
5cc9309f831b973d657f0fd2,Me-262战斗机
5cc9309f831b973d657f0fd3,A7M烈风战斗机
5cc9309f831b973d657f0fd4,Ta 152战斗机
5cc9309f831b973d657f0fd5,Me P.1101战斗机
5cc9309f831b973d657f0fd6,Me 210战斗机
5cc930a0831b973d657f0fd7,Me 209战斗机
5cc930a0831b973d657f0fd8,F-2战斗机
5cc930a0831b973d657f0fd9,斯帕德S．Ⅶ
5cc930a0831b973d657f0fda,J5N天雷双发重型战斗机
5cc930a0831b973d657f0fdb,J4M·极电（闪电）局地战斗机
5cc930a0831b973d657f0fdc,ATD-X心神试验机
5cc930a0831b973d657f0fdd,S1A电光Denko夜间战斗机
5cc930a1831b973d657f0fde,He 112战斗机
5cc930a1831b973d657f0fdf,Ta 183战斗机
5cc930a1831b973d657f0fe0,NE-12B橘花攻击机
5cc930a1831b973d657f0fe1,A6M零式战机
5cc930a1831b973d657f0fe2, N1K1-J 紫电局地战斗机
5cc930a1831b973d657f0fe3,F-15J战斗机
5cc930a1831b973d657f0fe4,N1K4-J紫电改三二型试作机
5cc930a1831b973d657f0fe5,A1N三式舰上战斗机
5cc930a2831b973d657f0fe6,脉冲喷射发动机推进式自杀攻击机
5cc930a3831b973d657f0fe7, A5M/96式舰载战斗机
5cc930a3831b973d657f0fe8,狂风战斗机
5cc930a3831b973d657f0fe9,MXY-7樱花特别攻击机
5cc930a4831b973d657f0fea,九试单座战斗机
5cc930a4831b973d657f0feb,F-1战斗机
5cc930a5831b973d657f0fec,Me 265战斗机
5cc930a5831b973d657f0fed,1MF10 七试舰上战斗机
5cc930a5831b973d657f0fee,Ki-61飞燕/三式战斗机
5cc930a5831b973d657f0fef,Ki-44钟馗/2式单座战斗机
5cc930a5831b973d657f0ff0,Ki-60试作战斗机
5cc930a5831b973d657f0ff1,89式舰上攻击机
5cc930a6831b973d657f0ff2,F-16XL战隼战斗机
5cc930a6831b973d657f0ff3,Ki-64试作战斗机
5cc930a6831b973d657f0ff4,Me 329战斗机
5cc930a6831b973d657f0ff5,Ki-27/97式战斗机
5cc930a6831b973d657f0ff6,Ki-84疾风/四式战斗机
5cc930a6831b973d657f0ff7,雅克-38战斗机
5cc930a7831b973d657f0ff8,米格-1战斗机
5cc930a7831b973d657f0ff9,Ki-96试作双发战斗机
5cc930a7831b973d657f0ffa,雅克-25战斗机
5cc930a7831b973d657f0ffb,Ki-98试作战斗袭击机
5cc930a7831b973d657f0ffc,Ki-94-1高高度战斗机
5cc930a7831b973d657f0ffd,Ki-93试作袭击机
5cc930a8831b973d657f0ffe,J1N1-S月光夜间战斗机 
5cc930a8831b973d657f0fff,Ki-94-2高高度战斗机
5cc930a8831b973d657f1000,Ki-83远距离战斗机
5cc930a8831b973d657f1001,Ki-87试作高高度战斗机
5cc930a9831b973d657f1002,Ki-109试作特殊防空战斗机
5cc930a9831b973d657f1003,Ki-10/95式战斗机
5cc930a9831b973d657f1004,Ki-100/五式战斗机
5cc930a9831b973d657f1005,雅克-28战斗机
5cc930a9831b973d657f1006,Ki-108试作高高度战斗机
5cc930a9831b973d657f1007,P1Y2-S/极光夜间战斗机
5cc930a9831b973d657f1008,“管鼻燕”式舰载战斗机
5cc930aa831b973d657f1009,雅克-15战斗机
5cc930aa831b973d657f100a,Ki-102/四式战斗袭击机
5cc930aa831b973d657f100b,13试双发陆上战斗机
5cc930aa831b973d657f100c,F4U 海盗式战斗机
5cc930aa831b973d657f100d,喷火战斗机（Spitfire）
5cc930ab831b973d657f100e,弯刀战斗机（Scimitar）
5cc930ab831b973d657f100f,Gloster Meteor“流星”战斗机
5cc930ab831b973d657f1010,雅克-141战斗机
5cc930ab831b973d657f1011,CR.32战斗机
5cc930ab831b973d657f1012,萤火虫舰载战斗机（Fairey  Firefly）
5cc930ab831b973d657f1013,Gamecock“斗鸡”式战斗机
5cc930ac831b973d657f1014,B7A流星舰上攻击机
5cc930ac831b973d657f1015,大鹏战斗机（Roc）
5cc930ac831b973d657f1016,CW-21战斗机
5cc930ac831b973d657f1017,苍穹(Westland Welkin)战斗机
5cc930ac831b973d657f1018,狂怒(Hawker Fury)战斗机
5cc930ac831b973d657f1019,无畏式战斗机（Defiant）
5cc930ad831b973d657f101a,飓风战斗机（Hurricane)
5cc930ad831b973d657f101b,蚋式（Folland Gnat）教练/战斗机
5cc930ad831b973d657f101c,鹰-75战斗机
5cc930ad831b973d657f101d,海怒战斗机（Hawker Sea Fury）
5cc930ae831b973d657f101e,德哈维兰大黄蜂（Hornet）战斗机
5cc930ae831b973d657f101f,B-24“贼鸥”（Skua）式战斗轰炸机
5cc930ae831b973d657f1020,雅克-3战斗机
5cc930ae831b973d657f1021,英俊战士（Beaufighter）重型战斗机
5cc930ae831b973d657f1022,暴风式(Tempest)战斗机
5cc930ae831b973d657f1023,雅克-1战斗机
5cc930af831b973d657f1024,莽汉战斗机（Hotspur）
5cc930af831b973d657f1025,骆驼战斗机（Sopwith Camel）
5cc930af831b973d657f1026,Me 410大黄蜂战斗机
5cc930b0831b973d657f1027,伊-15战斗机
5cc930b0831b973d657f1028,福克E．Ⅲ战斗机
5cc930b0831b973d657f1029,Re.2000战斗机
5cc930b0831b973d657f102a,Bf 110铁面战斗机
5cc930b0831b973d657f102b,Me 163战斗机
5cc930b1831b973d657f102c,福克D.VII战斗机
5cc930b1831b973d657f102d,Dr.I战斗机
5cc930b1831b973d657f102e,雅克-23战斗机
5cc930b1831b973d657f102f,雅克-7战斗机
5cc930b1831b973d657f1030,雅克-17战斗机
5cc930b1831b973d657f1031,雅克-9战斗机
5cc930b1831b973d657f1032,I-330/苏-1战斗机
5cc930b2831b973d657f1033,米格-27/鞭挞者-D 战斗机
5cc930b2831b973d657f1034,Re.2002战斗机
5cc930b2831b973d657f1035,Re.2005战斗机
5cc930b2831b973d657f1036,Re.2001战斗机
5cc930b2831b973d657f1037,伊-16战斗机 
5cc930b2831b973d657f1038,Me 209-II战斗机
5cc930b2831b973d657f1039,雅克-38战斗机
5cc930b3831b973d657f103a,米格-35战斗机 
5cc930b3831b973d657f103b,AUT.18战斗机
5cc930b3831b973d657f103c,伊尔-10攻击机
5cc930b3831b973d657f103d,米格-9
5cc930b4831b973d657f103e,Ba.27战斗机
5cc930b4831b973d657f103f,米格-31战斗机
5cc930b4831b973d657f1040,PZL P.1战斗机
5cc930b4831b973d657f1041,CR.42-箭式战斗机
5cc930b4831b973d657f1042,米格-3
5cc930b4831b973d657f1043,G.91战斗机
5cc930b4831b973d657f1044,G.55-人马座战斗机
5cc930b5831b973d657f1045,PZL P.6战斗机
5cc930b5831b973d657f1046,PWS-10战斗机
5cc930b5831b973d657f1047,CR.32-箭式战斗机
5cc930b5831b973d657f1048,He 162战斗机
5cc930b5831b973d657f1049,G.50-箭式战斗机
5cc930b5831b973d657f104a,MC.205-雷电战斗机
5cc930b6831b973d657f104b,I-153“海鸥”战斗机
5cc930b6831b973d657f104c,米格-23战斗机
5cc930b6831b973d657f104d,米格-15战斗机
5cc930b6831b973d657f104e,MC.202-雷电战斗机
5cc930b6831b973d657f104f,PZL P.11战斗机
5cc930b6831b973d657f1050,米格-17战斗机
5cc930b6831b973d657f1051,米格-21战斗机
5cc930b6831b973d657f1052,苏-37战斗机
5cc930b7831b973d657f1053,米格-19战斗机
5cc930b7831b973d657f1054,MC.200-雷电战斗机
5cc930b7831b973d657f1055,PZL P.7战斗机
5cc930b7831b973d657f1056,拉-5战斗机
5cc930b7831b973d657f1057,La-9战斗机
5cc930b7831b973d657f1058,拉格-3战斗机
5cc930b8831b973d657f1059,苏-15战斗机
5cc930b8831b973d657f105a,纽堡17战斗机
5cc930b8831b973d657f105b,I-270战斗机
5cc930b8831b973d657f105c,苏-47金雕式战斗机
5cc930b8831b973d657f105d,拉格-1战斗机
5cc930b8831b973d657f105e,苏-17攻击机
5cc930b9831b973d657f105f,PZL P.24战斗机
5cc930b9831b973d657f1060,La-11战斗机
5cc930b9831b973d657f1061,拉-7战斗机
5cc930ba831b973d657f1062,CL-1200/X-27枪骑兵
5cc930ba831b973d657f1063,霍克II战斗机
5cc930ba831b973d657f1064,KF-X战斗机
5cc930ba831b973d657f1065,F-19战斗机
5cc930bb831b973d657f1066,AMCA战斗机
5cc930bb831b973d657f1067,F2A水牛战斗机
5cc930bb831b973d657f1068,F-21幼狮战斗机
5cc930bb831b973d657f1069,纽波特17战斗机
5cc930bb831b973d657f106a,F-15SE沉默鹰式战斗机
5cc930bb831b973d657f106b,幻影4000战斗机
5cc930bb831b973d657f106c,F-20虎鲨战斗机
5cc930bc831b973d657f106d,斯帕德VII战斗机
5cc930bc831b973d657f106e,P-36战斗机
5cc930bc831b973d657f106f,XF-103战斗机
5cc930bc831b973d657f1070,P-43枪骑兵战斗机
5cc930bc831b973d657f1071,F9C战斗机
5cc930bd831b973d657f1072,XF13C战斗机
5cc930bd831b973d657f1073,米格-1.44战斗机
5cc930bd831b973d657f1074,XF-85小鬼式战斗机
5cc930bd831b973d657f1075,JAS 39鹰狮战斗机
5cc930bd831b973d657f1076,P-26战斗机
5cc930bd831b973d657f1077,YF-17战斗机
5cc930bd831b973d657f1078,YF-23战斗机
5cc930bd831b973d657f1079,XF-108轻剑战斗机
5cc930be831b973d657f107a,Saab-35龙战斗机
5cc930be831b973d657f107b,YF-12战斗机
5cc930be831b973d657f107c,IDF战斗机
5cc930be831b973d657f107d,F-CK-1经国号战斗机
5cc930be831b973d657f107e,F-15 S/MTD试验机
5cc930be831b973d657f107f,X-35验证机
5cc930be831b973d657f1080,XF5F战斗机
5cc930be831b973d657f1081,里尔35
5cc930bf831b973d657f1082,AJ/A-2“野人”
5cc930bf831b973d657f1083,A4D和A/TA-4“天鹰”
5cc930bf831b973d657f1084,A-10“雷电II”
5cc930bf831b973d657f1085,OV-10“野马” 空中前进控制机/近距离空中支援机
5cc930bf831b973d657f1086,A-5/RA-5“民团团员” 轰炸机/侦察机
5cc930bf831b973d657f1087,AD/A-1“空中袭击者”
5cc930bf831b973d657f1088,沃特(N-G)A-7“海盗Ⅱ”
5cc930bf831b973d657f1089,AM“拳师”攻击机
5cc930bf831b973d657f108a,A-6“入侵者”攻击机
5cc930bf831b973d657f108b,超级军旗攻击机
5cc930c0831b973d657f108c,英国航宇 FRS.51喷气式战斗攻击机
5cc930c0831b973d657f108d,AU-24“公马”攻击机
5cc930c0831b973d657f108e,13式舰上攻击机
5cc930c0831b973d657f108f,神龙特殊攻击机
5cc930c0831b973d657f1090,Hs 129攻击机
5cc930c0831b973d657f1091, B5N/97式1号舰上攻击机
5cc930c1831b973d657f1092,Ki-115甲剑特殊攻击机
5cc930c1831b973d657f1093,M6A1 晴岚攻击机
5cc930c1831b973d657f1094,AT-3高级教练/轻攻击机
5cc930c1831b973d657f1095,B5M/97式2号舰上攻击机
5cc930c1831b973d657f1096,A-17/A-33
5cc930c1831b973d657f1097,G4M/一式陆上攻击机
5cc930c2831b973d657f1098,B7A流星舰上攻击机
5cc930c2831b973d657f1099,夕号试作特殊攻击机
5cc930c2831b973d657f109a,伊尔-2攻击机
5cc930c2831b973d657f109b,苏-25攻击机
5cc930c2831b973d657f109c,AV-8海鹞II式攻击机
5cc930c2831b973d657f109d,强-5/番摊（Fantan)
5cc930c2831b973d657f109e,JH-7/FBC-1/歼轰-7/飞豹
5cc930c3831b973d657f109f,A-37蜻蜓式攻击机
5cc930c3831b973d657f10a0,美洲虎攻击机
5cc930c3831b973d657f10a1,SB2A“海盗”侦察轰炸机
5cc930c3831b973d657f10a2,A3D/A-3“空中战士”
5cc930c3831b973d657f10a3,寇蒂斯H-12/16
5cc930c4831b973d657f10a4,波音B-17单翼重型轰炸机
5cc930c4831b973d657f10a5,图-22M“逆火 MRA轰炸机和电子战飞机
5cc930c4831b973d657f10a6,寇蒂斯R系列鱼雷轰炸机
5cc930c4831b973d657f10a7,图-95/图-142“熊” 远程轰炸机和海上侦察攻击机
5cc930c4831b973d657f10a8,B-52H远程轰炸机
5cc930c4831b973d657f10a9,波音B-29“超级空中堡垒”
5cc930c4831b973d657f10aa,波音B-9单翼轰炸机
5cc930c4831b973d657f10ab,B/RB-47“同温层喷射”
5cc930c4831b973d657f10ac,西飞轰-6中型轰炸机
5cc930c5831b973d657f10ad,TBY/TBU“海狼”
5cc930c5831b973d657f10ae,F8F“熊猫”战斗轰炸机
5cc930c5831b973d657f10af,SBD“无畏式”
5cc930c5831b973d657f10b0,图-160“海盗旗” 远程轰炸机
5cc930c5831b973d657f10b1,“堪培拉” 轰炸机/入侵飞机/侦察机
5cc930c6831b973d657f10b2,PB4Y-2“私掠船”
5cc930c6831b973d657f10b3,B-32“统治者”
5cc930c6831b973d657f10b4,F/FB/EF-111战斗轰炸机
5cc930c6831b973d657f10b5,B-45“龙卷风”
5cc930c6831b973d657f10b6,B-57“堪培拉”
5cc930c6831b973d657f10b7,B-2“幽灵” 战略轰炸机
5cc930c6831b973d657f10b8,SB2C“地狱俯冲者”
5cc930c6831b973d657f10b9,B-24“解放者”
5cc930c6831b973d657f10ba,B-26/JM“劫掠者”
5cc930c7831b973d657f10bb,B/KB-50“超级堡垒”
5cc930c7831b973d657f10bc,TBF/TBM“复仇者”
5cc930c7831b973d657f10bd,BTD “毁灭者”
5cc930c7831b973d657f10be,PBM“水手”
5cc930c7831b973d657f10bf,B-34/37和PV“文图拉”/“捕鲸叉” 
5cc930c7831b973d657f10c0,A/B-26/JD“入侵者”
5cc930c7831b973d657f10c1,B-25/PBJ“米切尔”
5cc930c8831b973d657f10c2,B-1B“枪骑兵”
5cc930c8831b973d657f10c3,A-20“浩劫”
5cc930c8831b973d657f10c4,SBU
5cc930c8831b973d657f10c5,SB2U“辩护者”
5cc930c8831b973d657f10c6,B-36“和平卫士”
5cc930c9831b973d657f10c7,马丁BM
5cc930c9831b973d657f10c8,B-58“盗贼”
5cc930c9831b973d657f10c9,B-10/12/14
5cc930c9831b973d657f10ca,B-66“破坏者”
5cc930c9831b973d657f10cb,B-23“龙”
5cc930c9831b973d657f10cc,诺思罗普BT
5cc930c9831b973d657f10cd,凯斯通轻型轰炸机系列
5cc930c9831b973d657f10ce,A-31/35“复仇者”
5cc930ca831b973d657f10cf,MB-2/NBS-1
5cc930ca831b973d657f10d0,F-51D“野马”MK2 
5cc930ca831b973d657f10d1,Fi 167鱼雷轰炸机
5cc930ca831b973d657f10d2,R.VI轰炸机
5cc930ca831b973d657f10d3,D4Y彗星舰载俯冲轰炸机
5cc930ca831b973d657f10d4,G3M/九六式陆上攻击机
5cc930cb831b973d657f10d5,He 115水上轰炸机
5cc930cb831b973d657f10d6,Do 17轰炸机
5cc930cb831b973d657f10d7,Do 335箭式战斗机
5cc930cb831b973d657f10d8,G5N深山/13试陆基轰炸机
5cc930cb831b973d657f10d9,Ar 234闪电式轰炸机
5cc930cb831b973d657f10da,Bf 162轰炸机
5cc930cc831b973d657f10db,大湖BG-1
5cc930cc831b973d657f10dc,Do 217轰炸机
5cc930cc831b973d657f10dd,He 118俯冲轰炸机
5cc930cc831b973d657f10de,G8N连山重轰炸机
5cc930cc831b973d657f10df,He 177鹰狮式轰炸机
5cc930cc831b973d657f10e0,Ju 87斯图卡俯冲轰炸机
5cc930cd831b973d657f10e1,Ju 88轰炸机
5cc930cd831b973d657f10e2,He 111轰炸机
5cc930cd831b973d657f10e3,Hs 132轰炸机
5cc930cd831b973d657f10e4,Ju 188轰炸机
5cc930cd831b973d657f10e5,Ju 290轰炸机
5cc930ce831b973d657f10e6,Me 264轰炸机
5cc930ce831b973d657f10e7,D1A九四/九六式俯冲轰炸机
5cc930ce831b973d657f10e8,Ju 89轰炸机
5cc930ce831b973d657f10e9,Ki-66试作急降下爆撃机
5cc930ce831b973d657f10ea,D3A“99”式舰载俯冲轰炸机
5cc930cf831b973d657f10eb,Ki-48/99式双发轻爆击机
5cc930cf831b973d657f10ec,Ki-21/97式重爆击机
5cc930cf831b973d657f10ed,Ki-77长距离研究机 
5cc930cf831b973d657f10ee,Ki-67飞龙/四式重爆撃机 
5cc930cf831b973d657f10ef,Ki-51/九九式袭撃机
5cc930cf831b973d657f10f0,B6N天山舰上攻击机
5cc930cf831b973d657f10f1,乌拉尔轰炸机
5cc930cf831b973d657f10f2,G10N富士山轰炸机
5cc930cf831b973d657f10f3,Ki-91试作远距离爆撃机
5cc930d0831b973d657f10f4,P1Y 银河轰炸机
5cc930d0831b973d657f10f5,Ki-32/98式俯冲轰炸机
5cc930d0831b973d657f10f6,哈利法克斯轰炸机
5cc930d0831b973d657f10f7,BF2C单发单座双翼战斗机
5cc930d0831b973d657f10f8,DH98蚊式（Mosquito）轰炸机
5cc930d1831b973d657f10f9,A-16俯冲轰炸机
5cc930d1831b973d657f10fa,阿米奥-143（Amiot-143）轰炸机
5cc930d1831b973d657f10fb,巴特尔（Fairey Battle）轰炸机
5cc930d1831b973d657f10fc,Ki-30/97式俯冲轰炸机
5cc930d1831b973d657f10fd,阿米奥-340（Amiot-340）轰炸机
5cc930d2831b973d657f10fe,TSR-2轰炸机
5cc930d2831b973d657f10ff,阿米奥-354(Amiot-354)轰炸机
5cc930d2831b973d657f1100,A-12俯冲轰炸机
5cc930d2831b973d657f1101,强-6
5cc930d2831b973d657f1102,阿佛罗兰卡斯特重型轰炸机
5cc930d2831b973d657f1103,布里斯托“波弗特”式鱼雷轰炸机
5cc930d3831b973d657f1104,剑鱼式鱼雷轰炸机（Swordfish）
5cc930d3831b973d657f1105,“胜利者”中程战略轰略机
5cc930d3831b973d657f1106,F-107终极佩刀战斗机
5cc930d3831b973d657f1107,肖特斯特林（Short Stirling）轰炸机
5cc930d3831b973d657f1108,“布伦海姆”轻型轰炸机
5cc930d4831b973d657f1109,“火神”轰炸机
5cc930d4831b973d657f110a,维克斯威灵顿式中型轰炸机
5cc930d4831b973d657f110b,梭鱼式(Barracuda)鱼雷轰炸机
5cc930d4831b973d657f110c,曼彻斯特（Manchester）轰炸机
5cc930d4831b973d657f110d,PZL.30轰炸机
5cc930d4831b973d657f110e,Ca.90轰炸机
5cc930d5831b973d657f110f,PZL.38轰炸机
5cc930d5831b973d657f1110,雅克-2 轰炸机
5cc930d5831b973d657f1111,PZL.23轰炸机
5cc930d5831b973d657f1112,Ca.3 轰炸机
5cc930d5831b973d657f1113,PWS-19轰炸机
5cc930d5831b973d657f1114,BR.20轰炸机
5cc930d6831b973d657f1115,CANT Z.1007-翠鸟轰炸机
5cc930d6831b973d657f1116,Ca.4轰炸机
5cc930d6831b973d657f1117,PZL.37轰炸机
5cc930d6831b973d657f1118,雅克-6双引擎多用途飞机
5cc930d6831b973d657f1119,图-119轰炸机
5cc930d6831b973d657f111a,PZL.46轰炸机
5cc930d7831b973d657f111b,图-2/ANT-50轰炸机
5cc930d7831b973d657f111c,PZL.43轰炸机
5cc930d7831b973d657f111d,幻影IV轰炸机
5cc930d7831b973d657f111e,图-4公牛轰炸机
5cc930d7831b973d657f111f,阿米奥-350轰炸机
5cc930d8831b973d657f1120,佩-2轻轰炸机
5cc930d8831b973d657f1121,Pe-8/TB-7重型轰炸机
5cc930d8831b973d657f1122,雅克-4 型侦察/轰炸机
5cc930d8831b973d657f1123,M-50野蛮人轰炸机
5cc930d8831b973d657f1124,苏-34/鸭嘴兽战斗轰炸机
5cc930d9831b973d657f1125,水轰-5水上反潜轰炸机
5cc930d9831b973d657f1126,B-18轰炸机
5cc930d9831b973d657f1127,轰-5轰炸机
5cc930da831b973d657f1128,K-7巨型轰炸机
5cc930da831b973d657f1129,SB轰炸机
5cc930da831b973d657f112a,苏-7/装配匠-A战斗轰炸机
5cc930da831b973d657f112b,伊尔-28战术轰炸机
5cc930da831b973d657f112c,伊尔-4/Il-4/DB-3轰炸机
5cc930db831b973d657f112d,SBC俯冲轰炸机
5cc930db831b973d657f112e,B-1枪骑兵轰炸机
5cc930db831b973d657f112f,XB-70瓦尔基里轰炸机
5cc930db831b973d657f1130,T-1A“苍鹰”
5cc930db831b973d657f1131,比奇T-42“科奇斯”
5cc930db831b973d657f1132,N-9教练机
5cc930db831b973d657f1133,40F双座水上教练机
5cc930dc831b973d657f1134,T-34C“涡轮导师”
5cc930dc831b973d657f1135,PT/NS“西点军校生”双翼教练机
5cc930dc831b973d657f1136,波音C型
5cc930dc831b973d657f1137,“F飞船”
5cc930dc831b973d657f1138,教练-8/K-8“喀喇昆仑山”
5cc930dc831b973d657f1139,39-A双翼飞机
5cc930dc831b973d657f113a,比奇T-34“导师”教练机
5cc930dc831b973d657f113b,A-1“推进者”
5cc930dd831b973d657f113c,SOKO G-4“超海鸥” 喷气式武装教练机
5cc930dd831b973d657f113d,雅克-130 高级教练机
5cc930dd831b973d657f113e,JN-4“詹尼”
5cc930dd831b973d657f113f,NB-1双座双翼初级教练机
5cc930dd831b973d657f1140,T67 “萤火虫”基础教练机
5cc930de831b973d657f1141,EMB-312 “巨嘴鸟”教练机
5cc930de831b973d657f1142,T-45“苍鹰”中级/高级喷气教练机
5cc930de831b973d657f1143,T2V/T-1“海星”
5cc930de831b973d657f1144,初教-6A基础教练机
5cc930de831b973d657f1145,T-33/TV-2 
5cc930de831b973d657f1146,北美T-28 “特洛伊人/游牧民”
5cc930de831b973d657f1147,米格-AT 高级教练机
5cc930de831b973d657f1148,T-38“禽爪” 高级教练机
5cc930df831b973d657f1149,T-6A“德克萨斯人II”
5cc930df831b973d657f114a,AT-8/17/UC-78“短尾猫”
5cc930df831b973d657f114b,T-47/UC-35“奖状”
5cc930e0831b973d657f114c,T-41“梅斯卡勒罗人”
5cc930e1831b973d657f114d,A-8/PQ-8/TOC-2
5cc930e1831b973d657f114e,AT-21“机枪手”
5cc930e1831b973d657f114f,BC/AT-6/SNJ“德克萨斯人”
5cc930e1831b973d657f1150,T-39 “佩刀客”
5cc930e1831b973d657f1151,T-2“橡树” 教练机
5cc930e1831b973d657f1152,AT-9
5cc930e2831b973d657f1153,PQ-14/TD2C-1
5cc930e2831b973d657f1154,PT-16/20/21/22和NR-1“补充兵”
5cc930e2831b973d657f1155,T/CT-43和T-40“快船”
5cc930e2831b973d657f1156,沃多霍迪L-39/L-139/L-59/L-159高级喷气教练机和轻型攻击机
5cc930e2831b973d657f1157,N2T“导师”
5cc930e3831b973d657f1158,海军飞机制造厂N3N 
5cc930e3831b973d657f1159,PT-19/23/26“康奈尔”
5cc930e3831b973d657f115a,BT-9/14和NJ-1
5cc930e3831b973d657f115b,T-37“鸣叫”和A/QA-37“龙蝇” 
5cc930e3831b973d657f115c,NP
5cc930e4831b973d657f115d,VE-7/9教练机
5cc930e4831b973d657f115e,P2M/P3M
5cc930e4831b973d657f115f,BT-13/15和SNV-1/2“勇士”
5cc930e4831b973d657f1160,歼教-2
5cc930e4831b973d657f1161,歼教-7型
5cc930e5831b973d657f1162,教练-11（K-8）
5cc930e5831b973d657f1163,轰教5教练机
5cc930e5831b973d657f1164,歼教1教练机
5cc930e5831b973d657f1165,运教5
5cc930e6831b973d657f1166,Q-5J强击教练机
5cc930e6831b973d657f1167,初教-6
5cc930e6831b973d657f1168,初教-5
5cc930e6831b973d657f1169,教-8（K-8）教练机
5cc930e6831b973d657f116a,歼教5
5cc930e6831b973d657f116b,轰运教7
5cc930e7831b973d657f116c,L15“猎鹰”
5cc930e7831b973d657f116d,CT4“空中教练”基础教练机
5cc930e7831b973d657f116e,PC-9“高级涡轮教练”涡轮螺旋桨高级教练机
5cc930e7831b973d657f116f,萨博105(Sk 60)基础/高级喷气教练机/轻型攻击机和侦察机
5cc930e7831b973d657f1170,PC-21涡轮螺旋桨高级教练机
5cc930e7831b973d657f1171,CN-235M 运输机/海上巡逻机MPA
5cc930e8831b973d657f1172,T-6“德克萨斯人”Ⅱ高级涡轮螺旋桨教练机
5cc930e8831b973d657f1173,PC-7“涡轮教练”基础教练机
5cc930e8831b973d657f1174,JL9“山鹰”教练机
5cc930e8831b973d657f1175,“鹰”50/60/100高级喷气教练机
5cc930e8831b973d657f1176,Piper PA-44“塞米诺”双发活塞式轻型飞机
5cc930e8831b973d657f1177,TB-30 Epsilon基础教练机
5cc930e9831b973d657f1178,川崎T-4中级喷气教练机
5cc930e9831b973d657f1179,C-101“航空喷气”基础/高级教练机/攻击机
5cc930e9831b973d657f117a,HJT-36“星”基础喷气教练机
5cc930e9831b973d657f117b,“阿尔法喷气”高级教练机/近距离空中支援飞机
5cc930e9831b973d657f117c,HJT-16“光线”基础/高级喷气教练机
5cc930e9831b973d657f117d,M-311AleniaAermacchi 基础喷气教练机
5cc930ea831b973d657f117e,KT-1“雄蜂”(韩国) 基础/高级教练机/攻击机
5cc930ea831b973d657f117f,T-50（TA-50）“金鹰”高级喷气教练机/轻型攻击机
5cc930ea831b973d657f1180,IA 63/AT-63“潘帕人”基础/高级喷气教练机
5cc930ea831b973d657f1181,T-35“魔鬼”基础教练机
5cc930ea831b973d657f1182,T-37 “鸣鸟”基础/高级教练机/攻击机
5cc930ea831b973d657f1183,“斗牛犬”120初级教练机
5cc930ea831b973d657f1184,洛克希德AT/T-33（CT-133“银星”）基础/高级喷气教练机
5cc930eb831b973d657f1185,沃多霍迪L-29“海豚”基础/高级喷气教练机
5cc930eb831b973d657f1186,BAC(BAE)167“攻击霸主”高级喷气教练机
5cc930eb831b973d657f1187,MB-326高级教练机
5cc930eb831b973d657f1188,马基（阿莱尼亚)MB-346高级喷气教练机
5cc930eb831b973d657f1189,T-1教练机
5cc930ec831b973d657f118a,MAKO教练机
5cc930ec831b973d657f118b,萨博MFI-17/支持者轻型教练机/观测飞机
5cc930ec831b973d657f118c,MB-339高级教练机/轻型攻击机
5cc930ec831b973d657f118d,三菱T-2高级喷气教练机
5cc930ec831b973d657f118e,IAR-99“鹰”高级喷气教练机/轻型攻击机
5cc930ec831b973d657f118f,马基（SIAI-马歇蒂）SF.260特技飞行与武器教练机
5cc930ec831b973d657f1190,雅克-11中级教练机
5cc930ec831b973d657f1191,“虎蛾”式教练机
5cc930ed831b973d657f1192,雅克-53特技教练机
5cc930ed831b973d657f1193,鹰(HAWK)式教练机  
5cc930ed831b973d657f1194,CM-170轻型教练/攻击机
5cc930ed831b973d657f1195,雅克-32教练机
5cc930ed831b973d657f1196,UT-2教练机
5cc930ee831b973d657f1197,雅克-30 截击机
5cc930ee831b973d657f1198,UT-1教练机
5cc930ee831b973d657f1199,雅克-52初级教练机
5cc930ee831b973d657f119a,S-312巨嘴鸟(Tucano)教练机
5cc930ef831b973d657f119b,雅克-50特技级飞机
5cc930ef831b973d657f119c,雅克-200教练机
5cc930ef831b973d657f119d,雅克-18教练机
5cc930ef831b973d657f119e,雅克-210教练机
5cc930f0831b973d657f119f,雅克-54教练机
5cc930f0831b973d657f11a0,CM.170教师双座双发喷气教练机
5cc930f0831b973d657f11a1,雅克-55教练机
5cc930f0831b973d657f11a2,E-2鹰眼预警机
5cc930f0831b973d657f11a3,运-8J海上警戒机
5cc930f1831b973d657f11a4,空警200型早期预警机
5cc930f1831b973d657f11a5,E-6B“水星”TACAMOⅡ 通信中继飞机
5cc930f1831b973d657f11a6,空警一号
5cc930f1831b973d657f11a7,Y8J空中警戒机
5cc930f1831b973d657f11a8,C-295中程预警机
5cc930f1831b973d657f11a9,波音737 AEW＆C空中预警和控制飞机
5cc930f1831b973d657f11aa,E-3“望楼”AWACS空中预警和控制飞机
5cc930f1831b973d657f11ab,ZDK-03型预警机
5cc930f2831b973d657f11ac,E-4/VC-25
5cc930f2831b973d657f11ad,A-50空中预警机
5cc930f2831b973d657f11ae,G550预警机
5cc930f2831b973d657f11af,E-2D高级鹰眼
5cc930f3831b973d657f11b0,ASP预警机
5cc930f3831b973d657f11b1,瑞典爱立眼预警机
5cc930f3831b973d657f11b2,EMB-145（R-99）监视飞机
5cc930f3831b973d657f11b3,E-767 AWACS/KC-767加油机AWACS和加油机
5cc930f3831b973d657f11b4,楔尾预警机
5cc930f3831b973d657f11b5,费尔康707预警机
5cc930f3831b973d657f11b6,BN-2 防御者小型双发预警机
5cc930f3831b973d657f11b7,E-8“联合星”地面监视/作战管理飞机
5cc930f4831b973d657f11b8,IAI(波音)Phalcon 707预警飞机
5cc930f4831b973d657f11b9,E-2C“鹰眼”(美国) 空中预警和控制飞机
5cc930f4831b973d657f11ba,空警2000型预警指挥机
5cc930f4831b973d657f11bb,埃隆卡O-58“蚱蜢”轻型观察机
5cc930f4831b973d657f11bc,柏林纳-乔伊斯OJ-2侦察机
5cc930f5831b973d657f11bd,P2V/P-2“海王星”
5cc930f5831b973d657f11be,U/QU-22
5cc930f5831b973d657f11bf,F-5L巡逻机
5cc930f5831b973d657f11c0,YO-3A侦察机
5cc930f5831b973d657f11c1,U-21“犹他人”和T-44“飞马”
5cc930f6831b973d657f11c2,OV-1“莫霍克”
5cc930f6831b973d657f11c3,P4M“莫卡托”
5cc930f6831b973d657f11c4,YC-43“旅行家”联络机
5cc930f6831b973d657f11c5,SR-71侦察机
5cc930f6831b973d657f11c6,U-2/TR-1 单座单发侦察机
5cc930f7831b973d657f11c7,O-62/L-5/OY“哨兵”
5cc930f7831b973d657f11c8,OS2U“翠鸟”
5cc930f7831b973d657f11c9,O2U“海盗”
5cc930f7831b973d657f11ca,O-2“超级空中霸主”
5cc930f7831b973d657f11cb,UC-81/AT-19“信赖”
5cc930f8831b973d657f11cc,L-27/U-3
5cc930f8831b973d657f11cd,L-13
5cc930f8831b973d657f11ce,O-49/L-1“警戒”观察机
5cc930f8831b973d657f11cf,O-57/L-2“蚱蜢”
5cc930f8831b973d657f11d0,O3U/SU“海盗”
5cc930f8831b973d657f11d1,SC“海鹰”
5cc930f8831b973d657f11d2,L-19/O-1“飞狗”
5cc930f9831b973d657f11d3,UO/FU双翼观察机
5cc930f9831b973d657f11d4,“信使”M-1/MAT
5cc930f9831b973d657f11d5,O-19
5cc930f9831b973d657f11d6,安-30
5cc930f9831b973d657f11d7,O-47
5cc930fa831b973d657f11d8,洛克希德U-2S高空侦察机
5cc930fa831b973d657f11d9,延安二号
5cc930fa831b973d657f11da,RC-135战略侦察机
5cc930fa831b973d657f11db,C6N彩云舰上侦察机
5cc930fa831b973d657f11dc,T3M/T4M
5cc930fb831b973d657f11dd,L-4“蚱蜢”观察机
5cc930fb831b973d657f11de,“哨兵”R.1地面监视飞机
5cc930fb831b973d657f11df,ki-4/94式侦察机
5cc930fb831b973d657f11e0,Ki-70试作司令部侦察机
5cc930fb831b973d657f11e1,C1M/10式舰上侦察机
5cc930fb831b973d657f11e2,Ki-74试作远距离侦察爆撃机
5cc930fb831b973d657f11e3,Do 24水上侦察机
5cc930fc831b973d657f11e4,Fw 189鸮鹰式侦察机
5cc930fc831b973d657f11e5,Fi-156鹳式联络观测机
5cc930fc831b973d657f11e6,E13A/0式水上侦察机
5cc930fc831b973d657f11e7,Ar 196水上侦察机
5cc930fc831b973d657f11e8,Fw 200兀鹰式侦察机
5cc930fc831b973d657f11e9,E8N九五式水上侦察机
5cc930fc831b973d657f11ea,九O式二号水上侦察机
5cc930fd831b973d657f11eb,T-CH-1中兴号教练机
5cc930fd831b973d657f11ec,八八式侦察机
5cc930fd831b973d657f11ed,Arado系列战机
5cc930fd831b973d657f11ee,九二式侦察机
5cc930fd831b973d657f11ef,ki-46/百式司令部侦察机
5cc930fe831b973d657f11f0,E16A瑞云水上侦察机
5cc930fe831b973d657f11f1,横厂式水上侦察机
5cc930fe831b973d657f11f2,ki-15/97式司令部侦察机
5cc930fe831b973d657f11f3,Vicker.Warwick救援机
5cc930fe831b973d657f11f4,F1M2/零式水上观测机
5cc930fe831b973d657f11f5,R2Y景云陆上侦察机
5cc930fe831b973d657f11f6,ki-36/98式直接协同侦察机
5cc930ff831b973d657f11f7,雅克-27 全天候截击机
5cc930ff831b973d657f11f8,波-2/乌-2侦察机
5cc930ff831b973d657f11f9,UF-1/2和U-16“信天翁”反潜机
5cc930ff831b973d657f11fa,JF/J2F“鸭子”
5cc930ff831b973d657f11fb,朗宁OA/OL
5cc93100831b973d657f11fc,S-3“维京”反潜机
5cc93100831b973d657f11fd,A-28／29／AT-18和PBO“郝德逊”海上巡逻轰炸机
5cc93100831b973d657f11fe,P-8“海神”反潜巡逻机
5cc93100831b973d657f11ff,SO3C“海鸥”
5cc93100831b973d657f1200,寇蒂斯HS系列
5cc93100831b973d657f1201,P-3“猎户座” 海上巡逻和反潜战飞机
5cc93100831b973d657f1202,OA-14/J4F“野鸭”
5cc93100831b973d657f1203,AF-2“守护者”反潜机
5cc93101831b973d657f1204,海军飞机制造厂PN 
5cc93101831b973d657f1205,S-3B“北欧海盗”舰载反潜机
5cc93101831b973d657f1206,“大西洋”1&2 (法国) 反潜机/海上巡逻机
5cc93101831b973d657f1207,二式飞行艇 H8K
5cc93101831b973d657f1208,Q1W东海反潜机
5cc93101831b973d657f1209,“猎迷”MR.2/MRA.4海上巡逻机和反潜机
5cc93101831b973d657f120a,ki-76/3式指挥连络机
5cc93102831b973d657f120b,S-2T“跟踪者” 海上巡逻机＆反潜飞机
5cc93102831b973d657f120c,运8-X
5cc93102831b973d657f120d,海军飞机制造厂TS
5cc93102831b973d657f120e,“海獭”水上飞机 
5cc93102831b973d657f120f,霍尔PH
5cc93103831b973d657f1210,伊尔-38“山楂花”海上巡逻机和反潜飞机
5cc93103831b973d657f1211,肖特S.25 桑德兰水上飞机巡逻轰炸机
5cc93103831b973d657f1212,XP-1海上巡逻机
5cc93103831b973d657f1213,“海象”水上飞机
5cc93103831b973d657f1214,EF-111A渡鸦式电子战飞机
5cc93103831b973d657f1215,图-154MD电子战飞机
5cc93104831b973d657f1216,EA-18G“咆哮者”电子战机
5cc93104831b973d657f1217,EA-6A/B“徘徊者”
5cc93104831b973d657f1218,EP-3E侦察机
5cc93104831b973d657f1219,靶-6无人驾驶靶机
5cc93105831b973d657f121a,RQ/MQ-9“捕食者B” 无人驾驶飞行器
5cc93105831b973d657f121b,ASN-206无人机
5cc93105831b973d657f121c, RQ-8“火力侦察兵”
5cc93105831b973d657f121d,ASN-105
5cc93105831b973d657f121e,RQ-4“全球鹰” 无人驾驶飞行器
5cc93105831b973d657f121f,I-蚊蚋-ER无人驾驶飞行器
5cc93105831b973d657f1220,“蚊蚋-750” 无人驾驶飞行器
5cc93105831b973d657f1221,Sojka III侦察无人飞机
5cc93106831b973d657f1222,长虹-1
5cc93106831b973d657f1223,RQ-3“暗星” 无人驾驶飞行器
5cc93106831b973d657f1224,RQ/MQ-1“捕食者A” 无人驾驶飞行器
5cc93106831b973d657f1225,AVE无人机
5cc93106831b973d657f1226,Ababli-s监视无人机
5cc93107831b973d657f1227,INTA公司ALO
5cc93107831b973d657f1228,长空-1无人机
5cc93107831b973d657f1229,BAE10系统公司“不死鸟”
5cc93107831b973d657f122a,天翅高空无人侦察机
5cc93107831b973d657f122b,“红隼” 无人机
5cc93107831b973d657f122c,Pchela-T无人机
5cc93108831b973d657f122d,Mohadjer4侦察机 
5cc93108831b973d657f122e,航空武器联合公司MKⅡ
5cc93108831b973d657f122f,夜间入侵者
5cc93108831b973d657f1230,Aerosky侦察机
5cc93108831b973d657f1231,“鹞鹰”无人机
5cc93108831b973d657f1232,神经元（NEURON）无人战斗机 
5cc93108831b973d657f1233,利剑无人作战飞机
5cc93108831b973d657f1234,ADE公司“黎明”
5cc93109831b973d657f1235,绝影-8无人飞行器
5cc93109831b973d657f1236,“雷神”无人战斗机
5cc93109831b973d657f1237,U8E无人直升机
5cc93109831b973d657f1238,STN阿特拉斯公司KZO
5cc93109831b973d657f1239,翼龙无人机
5cc93109831b973d657f123a,运-8E
5cc93109831b973d657f123b,月神无人机
5cc9310a831b973d657f123c,BZK-005高空大航程无人机
5cc9310a831b973d657f123d,X-33试验机
5cc9310a831b973d657f123e,别动队(Ranger)无人机
5cc9310a831b973d657f123f,X-7试验机
5cc9310a831b973d657f1240,TANAN 300无人直升机
5cc9310a831b973d657f1241,X-47B无人机
5cc9310b831b973d657f1242,哈比无人机
5cc9310b831b973d657f1243,守望者（Watchkeeper）无人机
5cc9310b831b973d657f1244,RQ-170“哨兵”无人机
5cc9310b831b973d657f1245,扫描鹰（ScanEagle）无人机
5cc9310b831b973d657f1246,搜索者侦察机
5cc9310b831b973d657f1247,SR-72高超音速无人侦察机 
5cc9310c831b973d657f1248,ALH无人侦察机
5cc9310c831b973d657f1249,MQ-9无人机
5cc9310c831b973d657f124a,西卡德新概念微型无人机
5cc9310c831b973d657f124b,微星（MicroSTAR）无人机
5cc9310d831b973d657f124c,龙眼(Dragon Eye)无人机
5cc9310d831b973d657f124d,RQ-11渡鸭无人机
5cc9310d831b973d657f124e,锐鸢无人机
5cc9310d831b973d657f124f,D-21侦察机
5cc9310d831b973d657f1250,A160T“蜂鸟”无人直升机
5cc9310d831b973d657f1251,RQ-180无人隐形侦察机
5cc9310d831b973d657f1252,Comcopter5.1近程直升机
5cc9310e831b973d657f1253,先锋RQ-2无人机
5cc9310e831b973d657f1254,BQM-34火蜂无人机
5cc9310e831b973d657f1255,天神无人机
5cc9310e831b973d657f1256,ASN-1轻型无人机
5cc9310f831b973d657f1257,C-130/KC-130/EC-130“大力神”运输机 
5cc9310f831b973d657f1258,洛克希德-马丁C-130J“大力神” 95座四发战术运输机
5cc9310f831b973d657f1259,AT-7/11/C-45和JRB/SNB单翼轻型运输机／教练机
5cc9310f831b973d657f125a,运-9运输机
5cc9310f831b973d657f125b,洛克希德C-69“星座”运输机
5cc9310f831b973d657f125c,C/UC-12“休伦
5cc9310f831b973d657f125d,C-2“灰狗”运输机
5cc9310f831b973d657f125e,TA-1单翼运输机
5cc93110831b973d657f125f,勃德RB-1“大篷车”单翼运输机
5cc93110831b973d657f1260,运-20
5cc93110831b973d657f1261,AS565黑豹运输机
5cc93110831b973d657f1262,L-23“塞米诺尔”
5cc93110831b973d657f1263,C-5“银河”
5cc93110831b973d657f1264,C-69/C-121“星座“/”预警星”
5cc93110831b973d657f1265,C-123“供应者”
5cc93110831b973d657f1266,S2F/S-2“追踪者”
5cc93111831b973d657f1267,C-133“货运霸王”
5cc93111831b973d657f1268,C-141“举重星” 
5cc93111831b973d657f1269,C-21优先空运飞机／医疗救助飞机
5cc93111831b973d657f126a,TC/VC-4“湾流I”
5cc93111831b973d657f126b,C-140“喷气星”
5cc93111831b973d657f126c,C-124“环球霸王”
5cc93111831b973d657f126d,C-82“邮船”和C-119/R4Q“飞行车厢”
5cc93112831b973d657f126e,C-11/20/37”湾流“
5cc93112831b973d657f126f,YC-125“袭击者” 运输/搜救机
5cc93112831b973d657f1270,UO/U-11“阿兹特克人”
5cc93112831b973d657f1271,R4D-8/C-117“海豚”
5cc93112831b973d657f1272,PBY“卡特琳娜”
5cc93112831b973d657f1273,JRM“火星”海上运输飞艇
5cc93113831b973d657f1274,P5M/P-5“枪鱼”海上运输飞艇
5cc93113831b973d657f1275,R6D-8/C-118“举重霸王”
5cc93113831b973d657f1276,PB2Y“科罗娜多”
5cc93113831b973d657f1277,C-47/R4D 运输机
5cc93113831b973d657f1278,C-46 “突击队员”
5cc93113831b973d657f1279,C-54/R5D“空中霸王”
5cc93113831b973d657f127a,C-9“空中列车Ⅱ/南丁格尔”
5cc93114831b973d657f127b,JRF“鹅式”
5cc93114831b973d657f127c,U-17“空中马车”
5cc93114831b973d657f127d,UC-61“百眼巨人”
5cc93114831b973d657f127e,C-17“环球霸王Ⅲ”
5cc93114831b973d657f127f,C-22
5cc93114831b973d657f1280,JRS-1/OA-8通用运输机
5cc93114831b973d657f1281,T-29/R4Y/C-131
5cc93114831b973d657f1282,PS/RA/C-6
5cc93115831b973d657f1283,福特JR/RR/C系列
5cc93115831b973d657f1284,18型“北极星”
5cc93115831b973d657f1285,R3Y“信风”
5cc93116831b973d657f1286,UC-70和GH/NH“夜莺”
5cc93116831b973d657f1287,道格拉斯R-3D
5cc93116831b973d657f1288,运-8F600
5cc93117831b973d657f1289,运-5
5cc93117831b973d657f128a,安-72/74“煤矿人”
5cc93117831b973d657f128b,里-2
5cc93117831b973d657f128c,运-8CA
5cc93117831b973d657f128d,运-8F
5cc93118831b973d657f128e,运-8F100
5cc93118831b973d657f128f,运-8C
5cc93118831b973d657f1290,伊尔-76“耿直”四发涡轮风扇中远程运输机
5cc93118831b973d657f1291,运-8H
5cc93118831b973d657f1292,C-295运输机
5cc93118831b973d657f1293,福克F27/福克50/60海上巡逻机和运输机
5cc93118831b973d657f1294,安东诺夫设计局 安-74-300战术运输机
5cc93119831b973d657f1295,C-27J“斯巴达人”战术运输机
5cc93119831b973d657f1296,安东诺夫设计局 安-124“秃鹰”特大型运输机
5cc93119831b973d657f1297,亚乔P.180“阿凡提” 双发涡桨高速运输机
5cc93119831b973d657f1298,比奇18轻型通用运输机
5cc93119831b973d657f1299,SC.7“高空货车”双发涡轮螺旋桨轻型短距起降飞机
5cc93119831b973d657f129a,安东诺夫设计局安-12 “幼狐” 四发涡桨货机
5cc93119831b973d657f129b,SM-92Finist单发活塞式轻型短距起降飞机
5cc9311a831b973d657f129c,L100“大力神”四发涡轮螺旋桨运输机
5cc9311a831b973d657f129d,洛克希德L1329 “喷气星”四发中型运输机
5cc9311b831b973d657f129e,DHC-5“水牛”全天候短距起降运输机
5cc9311b831b973d657f129f,伊尔-76MD & 伊尔78M运输和加油机
5cc9311b831b973d657f12a0,C-130A/B/E/H“大力神” 运输机&特殊任务飞机
5cc9311b831b973d657f12a1,G222(C-27)战术运输机
5cc9311c831b973d657f12a2,容克Ju 52运输机
5cc9311c831b973d657f12a3,C160运输机
5cc9311d831b973d657f12a4,容克斯G.38
5cc9311d831b973d657f12a5,BV 222”维京“水上飞机
5cc9311d831b973d657f12a6,C-12& RC-12“护栏”运输机和电子情报飞机
5cc9311d831b973d657f12a7,BAE(维克斯)VC l0 C.1K＆K.3/4运输机/加油机
5cc9311d831b973d657f12a8,C-130J/C-130J-30“超级大力神”运输机&特殊任务飞机
5cc9311d831b973d657f12a9,Me 323”巨人“运输机
5cc9311d831b973d657f12aa,川崎C-1A运输机
5cc9311e831b973d657f12ab,安-225梦想式运输机
5cc9311e831b973d657f12ac,AC-130空中炮艇
5cc9311e831b973d657f12ad,ATL-98天空开拓者运输机
5cc9311e831b973d657f12ae,雅克-12轻型通信机
5cc9311e831b973d657f12af,安-70
5cc9311e831b973d657f12b0,雅克-112
5cc9311f831b973d657f12b1,雅克-14
5cc9311f831b973d657f12b2,霍莎式滑翔机
5cc9311f831b973d657f12b3,Bristol-170运输机
5cc9311f831b973d657f12b4,L2D/零式运输机
5cc9311f831b973d657f12b5,XC-2运输机
5cc9311f831b973d657f12b6,PL-1介寿号初级教练机
5cc9311f831b973d657f12b7,SC-5贝尔法斯特运输机
5cc93120831b973d657f12b8,A400M运输机
5cc93120831b973d657f12b9,运-8
5cc93120831b973d657f12ba,Embraer-170系列客机
5cc93120831b973d657f12bb,伊尔-78空中加油机
5cc93120831b973d657f12bc,齐柏林飞艇
5cc93121831b973d657f12bd,X-6试验机
5cc93121831b973d657f12be,Ki-78高速研究机
5cc93121831b973d657f12bf,X-3验证机
5cc93121831b973d657f12c0,X-20试验机
5cc93121831b973d657f12c1,Wespe战斗机
5cc93121831b973d657f12c2,波音X-45A/C 无人驾驶作战飞机 
5cc93122831b973d657f12c3,X-43试验机
5cc93122831b973d657f12c4,X-4试验机
5cc93122831b973d657f12c5,X-5试验机
5cc93122831b973d657f12c6,Lerche战斗机
5cc93122831b973d657f12c7,X-47“飞马”战术无人驾驶作战飞机
5cc93122831b973d657f12c8,X-2 试验机
5cc93123831b973d657f12c9,波音X-37先进技术验证机
5cc93123831b973d657f12ca,XFV-12战斗机
5cc93123831b973d657f12cb,X-15试验机
5cc93123831b973d657f12cc,X-38验证机
5cc93123831b973d657f12cd,X-47A飞马试验机
5cc93124831b973d657f12ce,KC-135“同温层油船”空中加油飞机
5cc93124831b973d657f12cf,KC-10“补充者”
5cc93124831b973d657f12d0,VC-10K“胜利者”加油机
5cc93124831b973d657f12d1,C/KC-97“同温层货船/同温层油船”
5cc93124831b973d657f12d2,KC-767空中加油机
5cc93124831b973d657f12d3,C/EC/KC-135
5cc93124831b973d657f12d4,A330 MRTT空中加油机/运输机
5cc93125831b973d657f12d5,比奇1900双发涡轮螺旋桨短程通勤飞机
5cc93125831b973d657f12d6,EMB-110先锋双发涡轮螺旋桨短程通勤客机
5cc93125831b973d657f12d7,运-12Ⅲ型飞机
5cc93125831b973d657f12d8,EMB-120巴西利亚双发涡轮螺旋桨短程通勤客机
5cc93125831b973d657f12d9,中航工业哈飞 运-12 支线客机
5cc93125831b973d657f12da,仙童多尼尔328JET双发涡轮风扇支线客机
5cc93125831b973d657f12db,Jetstream31双发涡轮螺旋桨短程通勤飞机
5cc93125831b973d657f12dc,运-12IV型飞机
5cc93126831b973d657f12dd,运-12II型飞机
5cc93126831b973d657f12de,运-12F轻型多用途飞机
5cc93126831b973d657f12df,DC-3达科塔/C-47高空列车多用途运输机
5cc93126831b973d657f12e0,比奇 99双发涡轮螺旋桨短程通勤飞机
5cc93126831b973d657f12e1,亚当A700 AdamJet双发涡轮风扇轻型公务机
5cc93127831b973d657f12e2,Aeroprogress/ROKS-Aero T-101Grach通用飞机
5cc93127831b973d657f12e3,亚当A500双发涡桨轻型公务飞机
5cc93127831b973d657f12e4,罗克韦尔涡轮指挥官/Jetprop双发涡轮螺旋桨企业专机／通用飞机
5cc93127831b973d657f12e5,霍克800/900双发涡轮风扇中型公务机
5cc93127831b973d657f12e6,BAe 125双发涡轮喷气式/涡轮风扇轻型公务机
5cc93127831b973d657f12e7,肖特330双发涡桨短程支线客机
5cc93128831b973d657f12e8,SocataTBM700/850单发涡轮轻型多用途飞机
5cc93128831b973d657f12e9,P68“观察者”双发活塞式轻型通用飞机
5cc93128831b973d657f12ea,安东诺夫设计局 安-2 “小马” 单发活塞式通用飞机
5cc93128831b973d657f12eb, 安东诺夫设计局 安-38 双发涡桨通用飞机
5cc93128831b973d657f12ec,SN601“轻巡洋舰” 双发涡轮风扇轻型行政专机
5cc93129831b973d657f12ed,安-28双发涡轮螺旋桨通用及通勤飞机
5cc93129831b973d657f12ee,塞斯纳680“君主”双发涡轮风扇中型公务机
5cc93129831b973d657f12ef,塞斯纳560XL“奖状优胜”/“奖状XLS” 双发涡轮风扇中型公务机
5cc93129831b973d657f12f0,别里耶夫Be-200“牵牛星” 喷气式水陆两用飞机
5cc93129831b973d657f12f1,Quest “科迪亚克”单发涡轮轻型短距起降通用飞机
5cc93129831b973d657f12f2,塞斯纳560“奖状”V/“超奖状”/“奖状加演”双发涡轮风扇中型公务机
5cc93129831b973d657f12f3,阿斯特拉G100/G150双发涡轮风扇中型公务机
5cc9312a831b973d657f12f4,F406“大篷车”Ⅱ双发涡轮螺旋桨轻型多用途飞机
5cc9312a831b973d657f12f5,塞斯纳650“奖状”III／Ⅵ／Ⅶ 双发涡轮风扇中型公务机
5cc9312a831b973d657f12f6,比奇65 “空中女王”双发活塞式轻型通用飞机
5cc9312a831b973d657f12f7,别里耶夫Be-103双发涡桨水陆两用飞机
5cc9312b831b973d657f12f8,罗克韦尔(Aero Commander)“指挥官”500／560/580双发活塞式轻型企业专机／通用飞机
5cc9312b831b973d657f12f9,三菱MU-2双发涡轮螺旋桨短距起降通用及公务飞机
5cc9312b831b973d657f12fa,塞斯纳550“奖状”Ⅱ/“喝彩”双发涡轮风扇中型公务机
5cc9312b831b973d657f12fb,PC-12单发涡轮轻型飞机
5cc9312b831b973d657f12fc,塞斯纳750“奖状”X双发涡轮风扇远程中型公务机
5cc9312c831b973d657f12fd,布里顿-诺曼 BN-2A MkⅢ “三岛人” 三发活塞式轻型飞机
5cc9312c831b973d657f12fe,CASA C-212 Aviocar 双发涡桨轻型飞机
5cc9312c831b973d657f12ff,庞巴迪 Canadair 415 双发涡桨水陆两用飞机
5cc9312c831b973d657f1300,太平洋宇航750XL单发涡轮螺旋桨轻型通用飞机
5cc9312c831b973d657f1301,塞斯纳525CitationJet 双发涡轮风扇小型公务机
5cc9312c831b973d657f1302,PC-6“搬运工”／涡轮“搬运工”单发活塞式／涡轮螺旋桨轻型短距起降飞机
5cc9312c831b973d657f1303,塞斯纳510“野马”双发涡轮风扇甚轻型公务机
5cc9312c831b973d657f1304,布里顿-诺曼 BN-2A“海岛人”双发轻型飞机
5cc9312d831b973d657f1305,GAF“牧民”双发涡桨轻型短距起降飞机
5cc9312d831b973d657f1306,塞斯纳208“大篷车”单发涡桨轻型飞机
5cc9312d831b973d657f1307,Ae 270“幽灵”单发涡轮螺旋桨轻型飞机
5cc9312d831b973d657f1308,塞斯纳441“征服”Ⅱ双发涡桨公务机
5cc9312d831b973d657f1309,L-410 Turbolet双发涡轮螺旋桨短程通勤和通用飞机
5cc9312d831b973d657f130a,德·哈维兰DHC-3“水獭”活塞式轻型短距起降飞机
5cc9312e831b973d657f130b,塞斯纳500“奖状”Ⅰ双发涡桨中型公务机
5cc9312e831b973d657f130c,多尼尔228双发涡桨轻型通用飞机
5cc9312e831b973d657f130d,Grob SPn双发涡扇轻型公务机
5cc9312e831b973d657f130e,吉普斯兰GA8“空中货车”单发活塞式轻型飞机
5cc9312e831b973d657f130f,德·哈维兰DHC-2“海狸”单发活塞式轻型短距起降飞机
5cc9312e831b973d657f1310,德·哈维兰DHC-6“双水獭”双发涡桨轻型飞机
5cc9312f831b973d657f1311,塞斯纳404“巨人”双发活塞式公务机和通勤客机
5cc9312f831b973d657f1312,塞斯纳401/402/411双发活塞式公务机和通勤客机
5cc9312f831b973d657f1313,BD-700“全球快车双发涡轮风扇远程公务机
5cc9312f831b973d657f1314,塞斯纳404“校长” 双发活塞式公务机
5cc93130831b973d657f1315,以色列飞机工业公司“阿拉瓦”双发涡桨轻型短距起降飞机
5cc93130831b973d657f1316,“猎鹰”50三发涡轮风扇远程公务机
5cc93130831b973d657f1317,达索“猎鹰”20/200 双发涡轮风扇企业及通用飞机
5cc93130831b973d657f1318,Helio“信使” 单发轻型短距起降飞机
5cc93130831b973d657f1319,塞斯纳421“金鹰”双发活塞式公务机
5cc93130831b973d657f131a,塞斯纳425“海盗”／“征服”l双发涡桨公务机
5cc93131831b973d657f131b,达索“猎鹰”10/100双发涡轮风扇小型公务机
5cc93131831b973d657f131c,CL -600“挑战者”双发涡轮风扇中型公务机
5cc93131831b973d657f131d,BD-100“挑战者”300双发涡轮风扇超级中型公务机
5cc93131831b973d657f131e,比奇“空中国王”200/300双发涡桨轻型公务机和多用途运输机
5cc93132831b973d657f131f,达索“猎鹰”2000双发涡轮风扇远程宽体公务机
5cc93132831b973d657f1320,比奇“空中国王”90/100双发涡桨公务机
5cc93132831b973d657f1321,“日蚀”500 双发涡轮风扇甚轻型公务机
5cc93132831b973d657f1322,达索“猎鹰”7X三发涡轮风扇大座舱公务机
5cc93132831b973d657f1323,比奇“空中国王”350双发涡桨公务机
5cc93133831b973d657f1324,EMB-121“新谷”双发涡轮螺旋桨企业运输机
5cc93133831b973d657f1325,“湾流”V／G500／G550 双发涡轮风扇大型超远程公务机
5cc93133831b973d657f1326,比奇390“首相”Ⅰ双发涡轮风扇轻型公务机
5cc93133831b973d657f1327,达索“猎鹰”900三发涡轮风扇远程公务机
5cc93133831b973d657f1328,“湾流”IV/G300／G350／G400／G450 双发涡轮风扇大型远程公务机
5cc93134831b973d657f1329,“西风”双发中型公务机
5cc93134831b973d657f132a,PZL-104Wilga单发活塞式轻型通用飞机
5cc93134831b973d657f132b,Robin DR400“小王子”/“海豚”/“少校”/“摄政王”单发活塞式轻型旅行飞机和教练机
5cc93134831b973d657f132c,Learjet 23双发涡喷轻型公务机
5cc93134831b973d657f132d,Learjet 31双发涡扇轻型公务机
5cc93134831b973d657f132e,Robin HR100“王室”/“狩猎旅行”/R.1180 Aiglon单发活塞式轻型飞机
5cc93135831b973d657f132f,格鲁曼G-159“湾流”Ⅰ双发涡轮螺旋桨行政运输机
5cc93135831b973d657f1330,霍克4000双发涡轮风扇中型公务机
5cc93135831b973d657f1331,G-1159“湾流”Ⅱ/Ⅲ双发涡轮风扇大型远程公务机
5cc93135831b973d657f1332,霍克400双发涡轮风扇喷气式公务机和军用教练机
5cc93135831b973d657f1333,银河G200双发涡轮风扇超级中型公务机
5cc93136831b973d657f1334,霍克1000双发涡轮风扇远程中型公务机
5cc93136831b973d657f1335,Piper PA-32“切诺基·六”/“长矛”/“萨拉托加”单发活塞式轻型旅行飞机/公务机
5cc93136831b973d657f1336,Piper PA-30/39“双科曼奇”双发活塞式轻型飞机
5cc93136831b973d657f1337,Learjet 55双发涡扇中型公务机
5cc93137831b973d657f1338,“指挥官”112/114单发活塞式轻型旅行飞机
5cc93137831b973d657f1339,Socata MS“拉力俱乐部”/“海军准将” 单发活塞式轻型旅行和教练飞机
5cc93137831b973d657f133a,Learjet45双发涡扇中型公务机
5cc93137831b973d657f133b,Piper PA-34“塞内卡人” 双发活塞式轻型飞机
5cc93137831b973d657f133c,Piper PA-28R“切诺基·箭” 单发活塞式轻型旅行飞机
5cc93137831b973d657f133d,SlAl-马歇蒂S.205/S.208 单发活塞式轻型旅行飞机
5cc93138831b973d657f133e,Learjet 35双发涡扇特殊用途飞机
5cc93138831b973d657f133f,SocataTB“坦皮科”/“多巴哥”/“特立尼达”单发活塞式轻型旅行飞机
5cc93138831b973d657f1340, Socata GY“地平线”/ST“专科医生”
5cc93138831b973d657f1341,Piper PA-46 “马利布·幻影”双发轻型公务机
5cc93139831b973d657f1342,Piper PA-3 1T“夏安人”双发活塞式公务机
5cc93139831b973d657f1343,莱特L-200“摩拉瓦河”双发活塞式轻型旅行飞机/公务机
5cc93139831b973d657f1344,Piper PA-42“夏安人”Ⅲ双发涡桨公务机
5cc93139831b973d657f1345,Piper PA-28“切诺基”(单发活塞式轻型旅行飞机
5cc93139831b973d657f1346,Mooney M.20J/S快板/加演/喝彩/鹰/大喝彩单发活塞式轻型旅行飞机
5cc93139831b973d657f1347,Piper PA-23“阿帕奇”/“阿兹特克”双发活塞式轻型飞机
5cc9313a831b973d657f1348,Mooney M.20A/G“突击队员”/“丛林”/“行政”/“大师”/“政治家”单发活塞式轻型旅行飞机
5cc9313a831b973d657f1349,Piper PA-31“纳瓦霍人”双发活塞式公务机
5cc9313a831b973d657f134a,Lancair/哥伦比亚飞机公司 哥伦比亚单发活塞式轻型旅行飞机和教练机
5cc9313a831b973d657f134b,PA-24“科曼奇”单发活塞式轻型飞机
5cc9313a831b973d657f134c,Maule M-4/M-77M9“火箭”/“彗星“/“猎户座”单发活塞式轻型短距起降飞机
5cc9313b831b973d657f134d,AA-5“旅行者”/“印度豹”/“虎”单发活塞式轻型旅行飞机
5cc9313b831b973d657f134e,比奇23Musketeer单发活塞式轻型飞机
5cc9313b831b973d657f134f,GA-7“美洲狮”双发活塞式轻型旅行飞机
5cc9313b831b973d657f1350,钻石DA42“双子星”轻型旅行飞机/通用飞机
5cc9313b831b973d657f1351,富士FA-200“航空斯巴鲁”单发活塞式轻型旅行飞机
5cc9313c831b973d657f1352,Lake LA-4“海盗”/“背叛者”/“海狼”/“海怒” 单发活塞式轻型水陆两用飞机
5cc9313c831b973d657f1353,伊尔-103单发活塞式四座轻型飞机
5cc9313c831b973d657f1354,Extra EA-400/EA-S00单发活塞式轻型旅行飞机/公务机
5cc9313c831b973d657f1355,Piper（泰德·史密斯）600 Aerostar双发活塞式轻型公务机
5cc9313c831b973d657f1356,罗克韦尔“佩刀客机”双发行政专机
5cc9313d831b973d657f1357,Sino Swearingen SJ30 双发涡扇轻型公务机
5cc9313d831b973d657f1358,AB95单发活塞式轻型飞机
5cc9313d831b973d657f1359,比奇V35“富源”单发活塞式轻型飞机
5cc9313d831b973d657f135a,比奇T36“涡轮富源单发活塞式轻型飞机
5cc9313d831b973d657f135b,比奇60“公爵”双发活塞式轻型旅行飞机
5cc9313e831b973d657f135c,比奇33Debonair“富源”单发活塞式轻型飞机
5cc9313e831b973d657f135d,塞斯纳310/320“高空骑士”双发活塞式轻型飞机
5cc9313e831b973d657f135e,西锐SR20/SR22单发活塞式轻型个人飞机/公务机
5cc9313e831b973d657f135f,塞斯纳336“高空霸主”/337“超级高空霸主”双发活塞式轻型企业飞机/通用飞机
5cc9313e831b973d657f1360,钻石DA40“钻石之星” 涡轮增压柴油发动机四座轻型旅行飞机/通用飞机
5cc9313e831b973d657f1361,贝兰卡17“北欧海盗”单发活塞式轻型旅行飞机
5cc9313f831b973d657f1362,比奇76“公爵夫人”双发活塞式轻型飞机
5cc9313f831b973d657f1363,比奇55“男爵”双发活塞式轻型飞机
5cc9313f831b973d657f1364,塞斯纳335/340双发活塞式企业飞机
5cc9313f831b973d657f1365,塞斯纳205“超级高空马车”单发活塞式轻型通用飞机
5cc9313f831b973d657f1366,塞斯纳210“百夫长”单发活塞式轻型通用飞机
5cc93140831b973d657f1367,US-1A/US-2(日本) 搜索救援水陆两用飞机
5cc93140831b973d657f1368,空中客车A310MRTT空中加油机/运输机
5cc93140831b973d657f1369,波音C-135系列特殊用途飞机
5cc93140831b973d657f136a,兹林Z-26通用飞机
5cc93140831b973d657f136b,塞斯纳172“天鹰”单发活塞式轻型飞机
5cc93140831b973d657f136c,塞斯纳180“ 高空马车”单发活塞式轻型通用飞机
5cc93141831b973d657f136d,He 70飞机
5cc93141831b973d657f136e,塞斯纳T303“十字军战士”双发活塞式轻型企业飞机
5cc93141831b973d657f136f,塞斯纳177“北美红雀”单发活塞式轻型飞机
5cc93141831b973d657f1370,塞斯纳182“高空走廊”单发活塞式轻型飞机
5cc93142831b973d657f1371,奖状-10商业飞机
5cc93142831b973d657f1372,KC-100通用飞机
5cc93142831b973d657f1373,雅克-10通用飞机
5cc93142831b973d657f1374,寇蒂斯-R3C水上飞机
5cc93142831b973d657f1375,茲林Z-37通用飞机
5cc93142831b973d657f1376,塞斯纳-170通用飞机
5cc93143831b973d657f1377,米格-110客货两用飞机
5cc93143831b973d657f1378,雅克-58
5cc93143831b973d657f1379,兹林Z-50通用飞机
5cc93143831b973d657f137a,兹林Z-Xll通用飞机
5cc93143831b973d657f137b,雅克-18T
5cc93144831b973d657f137c,塞斯纳天空大师通用飞机
5cc93144831b973d657f137d,莱格赛600公务机
5cc93144831b973d657f137e,蛟龙600水陆两用飞机
5cc93144831b973d657f137f,波音757双发涡轮风扇中程客机
5cc93144831b973d657f1380,波音747-100/200/SP
5cc93145831b973d657f1381,空中客车A321
5cc93145831b973d657f1382,空中客车A300中程客机
5cc93145831b973d657f1383,波音767双发涡轮风扇中程客机
5cc93145831b973d657f1384,C-919大型客机
5cc93145831b973d657f1385,空中客车A330
5cc93145831b973d657f1386,波音747-300/400四发涡轮风扇远程客机
5cc93145831b973d657f1387,空中客车A320
5cc93145831b973d657f1388,波音777双发涡轮风扇远程客机
5cc93145831b973d657f1389,波音787宽体客机
5cc93145831b973d657f138a,空中客车A310中程客机
5cc93146831b973d657f138b,MD-11三发涡轮风扇中程客机
5cc93146831b973d657f138c,空中客车A340远程客机
5cc93146831b973d657f138d,伊尔-96四发涡轮风扇远程客机
5cc93146831b973d657f138e,道格拉斯DC-4四发活塞式中程客机
5cc93146831b973d657f138f,空中客车A380远程宽体客机
5cc93146831b973d657f1390,伊尔-86小船坞四发涡轮风扇中程客机
5cc93147831b973d657f1391,麦道DC-10三发涡轮风扇中远程客机
5cc93147831b973d657f1392,伊尔-62/文豪四发涡轮风扇远程客机
5cc93147831b973d657f1393,麦道DC-8“SuperSixty” 四发涡轮风扇远程客机
5cc93147831b973d657f1394,洛克希德L1011“三星”三发涡轮风扇中程客机
5cc93147831b973d657f1395,麦道DC-8(美国) 四发中远程客机
5cc93148831b973d657f1396,图-204/214双发涡轮风扇中程客机
5cc93148831b973d657f1397,伊尔-18“黑鸭”四发涡桨中程客机
5cc93148831b973d657f1398,波音707中远程客机
5cc93148831b973d657f1399,DC-6/C-118/举重霸王四发活塞式中程客机
5cc93148831b973d657f139a,ARJ21支线飞机
5cc93149831b973d657f139b,运-12E型运输机
5cc93149831b973d657f139c,新舟600
5cc93149831b973d657f139d,波音737-600/700/800/900（波音737新世代）中短程窄体喷气式飞机
5cc93149831b973d657f139e,运-8F200民用货运飞机
5cc93149831b973d657f139f,空中客车A318
5cc93149831b973d657f13a0,伊留申设计局伊尔-114双发涡桨短程支线客机
5cc93149831b973d657f13a1,运-8D/DI/DII民用飞机
5cc93149831b973d657f13a2,三菱支线喷气客机
5cc93149831b973d657f13a3,新舟700(MA700)飞机
5cc9314a831b973d657f13a4,“新舟”60涡桨支线飞机
5cc9314a831b973d657f13a5,苏霍伊“超级喷机-100”支线客机
5cc9314a831b973d657f13a6,安-24“焦炭”双发涡轮螺旋桨短程客机
5cc9314a831b973d657f13a7,MD-80双发涡轮风扇短程客机
5cc9314a831b973d657f13a8,MD-90双发涡轮风扇短程客机
5cc9314b831b973d657f13a9,空中客车A319双发中/短程客机
5cc9314b831b973d657f13aa,ATR 42双发涡轮螺旋桨短程支线客机
5cc9314b831b973d657f13ab,BAe 748双发涡轮螺旋桨短程运输机
5cc9314b831b973d657f13ac,康维尔580双发涡轮螺旋桨短程运输机
5cc9314b831b973d657f13ad,BAeJetsteam 41双发涡轮螺旋桨短程通勤飞机
5cc9314b831b973d657f13ae,ATR 72双发涡轮螺旋桨短程支线客机
5cc9314b831b973d657f13af,CN-235双发涡轮螺旋桨短程客机
5cc9314c831b973d657f13b0,安-140双发涡轮螺旋桨短程客机
5cc9314c831b973d657f13b1,BAe ATP双发涡轮螺旋桨短程支线客机
5cc9314c831b973d657f13b2,麦道DC-9双发涡轮风扇中短程客机
5cc9314c831b973d657f13b3,福克70/100双发涡轮风扇短程支线客机
5cc9314c831b973d657f13b4,雅克-40“幼鳕”三发涡轮风扇短程支线喷气机
5cc9314d831b973d657f13b5,Dash7(加拿大) 四发涡轮螺旋桨短距起降短程客机
5cc9314d831b973d657f13b6,图-334双发涡轮风扇中短程支线喷气机
5cc9314d831b973d657f13b7,ERJ170/175/190/195双发涡轮风扇支线客机
5cc9314d831b973d657f13b8,BAe（BAC）1-11短程客机
5cc9314d831b973d657f13b9,雅克-42“猛击”三发涡轮风扇中短程客机
5cc9314e831b973d657f13ba,Dash8(加拿大) 双发涡轮螺旋桨短程支线客机
5cc9314e831b973d657f13bb,安东诺夫设计局 安-148 短程客机
5cc9314e831b973d657f13bc,BAe146/Avro RJ四发涡扇短程支线飞机
5cc9314e831b973d657f13bd,F28伙伴双发涡轮风扇支线客机
5cc9314e831b973d657f13be,CRJ700/900双发涡轮风扇支线客机
5cc9314e831b973d657f13bf,F-27/FH-227双发涡轮螺旋桨短程客机
5cc9314e831b973d657f13c0,波音727三发涡扇短程客机
5cc9314f831b973d657f13c1,Metro双发涡轮螺旋桨短程通勤飞机
5cc9314f831b973d657f13c2,波音-717双发涡扇短程客机
5cc9314f831b973d657f13c3, 图-134“硬壳”双发涡轮风扇短程客机
5cc9314f831b973d657f13c4,波音-737双发涡扇短程客机
5cc9314f831b973d657f13c5,福克F27“友谊”双发涡桨短程客机
5cc9314f831b973d657f13c6,波音-737-300／400／500双发涡扇短程客机
5cc9314f831b973d657f13c7,ERJ 135/140/145双发涡轮风扇支线客机
5cc9314f831b973d657f13c8,CRJ100/200双发涡轮风扇支线客机
5cc93150831b973d657f13c9,SATIC超级运输机“大白鲸”
5cc93150831b973d657f13ca,福克50／60双发涡旋桨短程客机
5cc93150831b973d657f13cb,肖特360 双发涡桨短程支线客机
5cc93151831b973d657f13cc,洛克希德L188 Electra四发涡桨中短程客机
5cc93151831b973d657f13cd,图-104/骆驼 喷气式客机
5cc93151831b973d657f13ce, 萨博340双发涡桨短程支线客机
5cc93152831b973d657f13cf,仙童 多尼尔328双发涡桨短程支线客机
5cc93152831b973d657f13d0,中航工业西飞运-7（新舟60）涡桨支线客机
5cc93152831b973d657f13d1,福克F-10商业飞机
5cc93152831b973d657f13d2,萨博2000双发涡桨中短程支线客机
5cc93152831b973d657f13d3,NAMC  YS-11双发涡桨短程支线客机
5cc93153831b973d657f13d4,AS 532“美洲狮”中型运输直升机
5cc93153831b973d657f13d5,波音V-22 “鱼鹰”倾斜式旋翼运输机
5cc93153831b973d657f13d6,贝尔 214通用直升机
5cc93153831b973d657f13d7,EH101 “灰背隼”多用途直升机
5cc93153831b973d657f13d8,米-171直升机
5cc93153831b973d657f13d9,波音H-46 双发多功能通用直升机
5cc93154831b973d657f13da,波音H-47 双发多功能通用运输机
5cc93154831b973d657f13db,贝尔HSL四座单发ASW直升机
5cc93154831b973d657f13dc,H-53E“超级种马/海龙”重型多功能直升机
5cc93154831b973d657f13dd,SA 321 “超黄蜂”重型运输直升机
5cc93154831b973d657f13de,SA330“美洲豹”双发中型多用途运输直升机
5cc93154831b973d657f13df,H-3“愉快的绿巨人”双发通用／搜救直升机。
5cc93154831b973d657f13e0,S-70A/UH-60“黑鹰”
5cc93155831b973d657f13e1,SA341/342“小羚羊”
5cc93155831b973d657f13e2,SA330“美洲狮”通用型直升机
5cc93155831b973d657f13e3,米-8多用途直升机
5cc93155831b973d657f13e4,卡-25“激素”海军型直升机
5cc93155831b973d657f13e5,米-14“烟雾”反潜直升机
5cc93155831b973d657f13e6,EH-101“灰背隼”
5cc93156831b973d657f13e7,AS550/555“小松鼠”
5cc93156831b973d657f13e8,HCMk4“海王”反潜直升机
5cc93156831b973d657f13e9,SA316/319“云雀”Ⅲ
5cc93156831b973d657f13ea,CH-47“支奴干”中型运输直升机
5cc93157831b973d657f13eb,Mi-8“河马”
5cc93157831b973d657f13ec,直-8舰载运输机
5cc93157831b973d657f13ed,直-8A
5cc93157831b973d657f13ee,米-17-V7 
5cc93159831b973d657f13ef,米-17
5cc93159831b973d657f13f0,米-17-V5
5cc9315a831b973d657f13f1,米6
5cc9315a831b973d657f13f2,S-70 黑鹰 
5cc9315a831b973d657f13f3,直-8
5cc9315a831b973d657f13f4,米17-1V
5cc9315a831b973d657f13f5,直-8F
5cc9315a831b973d657f13f6,直-20
5cc9315b831b973d657f13f7,直-8K/KA
5cc9315b831b973d657f13f8,超级美洲豹AS332L1
5cc9315b831b973d657f13f9,卡曼K-MAX单发涡轮外挂起重直升机
5cc9315b831b973d657f13fa,SA319云雀III型
5cc9315c831b973d657f13fb,AS 332“超美洲豹”双发涡轮中型直升机
5cc9315c831b973d657f13fc,卡-26/126“恶棍”双发活塞式轻型直升机
5cc9315c831b973d657f13fd,西科斯基S-61双发涡轮中型直升机
5cc9315c831b973d657f13fe,米-171（新款）
5cc9315c831b973d657f13ff,西科斯基S-64“高空吊车”双发涡轮重型起重直升机
5cc9315c831b973d657f1400,米-26“光环”双发涡轮重型直升机
5cc9315d831b973d657f1401,AC313
5cc9315d831b973d657f1402,米-171（旧款）
5cc9315d831b973d657f1403,SA321
5cc9315d831b973d657f1404,EC225直升机
5cc9315d831b973d657f1405,Surion直升机
5cc9315e831b973d657f1406,WS-61“海王”海军型及野战直升机
5cc9315e831b973d657f1407,S-65/CH-53“海种马”突击运输直升机
5cc9315e831b973d657f1408,S-80/SH-53E “超种马”(美国) 突击和MCM直升机
5cc9315e831b973d657f1409,雅克-24 运输直升机
5cc9315e831b973d657f140a,西科斯基S-92双发涡轮中型直升机
5cc9315e831b973d657f140b,Fa 223龙式军用直升机
5cc9315f831b973d657f140c,NH90(法国/德国/意大利/荷兰/葡萄牙) 中型运输/海军型直升机(图示为NH 90 TTH)
5cc9315f831b973d657f140d,贝尔OH-58侦察直升机
5cc9315f831b973d657f140e,AS 665“虎”式多用途战斗直升机
5cc9315f831b973d657f140f,AH-2A“石茶隼”
5cc9315f831b973d657f1410,贝尔AH-1 双座攻击直升机
5cc93160831b973d657f1411,直-9
5cc93160831b973d657f1412,RAH-66“科曼奇”
5cc93160831b973d657f1413,贝尔UH-1Y 和 AH-1Z 双发战地直升机
5cc93160831b973d657f1414,意大利A129 武装直升机
5cc93160831b973d657f1415,直-10 
5cc93160831b973d657f1416,波音AH-64双座双发攻击直升机
5cc93160831b973d657f1417,A129“猫鼬”
5cc93160831b973d657f1418,米-24/-25/-35“雌鹿” 攻击/突击直升机
5cc93161831b973d657f1419,卡-50“噱头”
5cc93161831b973d657f141a,直-9G 
5cc93161831b973d657f141b,Z9WE武装型直升机
5cc93161831b973d657f141c,直-9F武警专用型
5cc93161831b973d657f141d,米-28“浩劫”
5cc93161831b973d657f141e,直-19
5cc93162831b973d657f141f,米-24“母鹿”
5cc93162831b973d657f1420,SA341/342 小羚羊
5cc93162831b973d657f1421,直-9W
5cc93162831b973d657f1422,直-9D海军增强反舰型
5cc93162831b973d657f1423,直-9高温高原型
5cc93162831b973d657f1424,直-9WA
5cc93163831b973d657f1425,卡-52直升机 
5cc93163831b973d657f1426,川崎OH-1 侦察/观察直升机
5cc93163831b973d657f1427,AH-6“小鸟”直升机
5cc93163831b973d657f1428,SH-2G“超海妖”轻型机载多用途直升机
5cc93163831b973d657f1429,阿古斯塔A-109轻型通用直升机
5cc93163831b973d657f142a,ALH“北极星”多用途通用直升机
5cc93163831b973d657f142b,卡-27/-28/-32舰载反潜直升机
5cc93164831b973d657f142c,SA 316/3 19“云雀”III多用途直升机
5cc93164831b973d657f142d,AS 565“黑豹”通用直升机
5cc93164831b973d657f142e,UH-1“易洛魁人”通用直升机
5cc93164831b973d657f142f,贝尔HTL/HUL/H-13通用直升机
5cc93164831b973d657f1430,SA 341/42“小羚羊”轻型多用途直升机
5cc93164831b973d657f1431,AS 550/555“松鼠”/“小狐”轻型通用直升机
5cc93165831b973d657f1432,SH-60B“海鹰”舰载反潜直升机
5cc93165831b973d657f1433,法国航宇公司SA 313/315 通用直升机
5cc93165831b973d657f1434,直-9通信型
5cc93165831b973d657f1435,AC312民用双发多用途直升机
5cc93165831b973d657f1436,WG.13“山猫”多功能军用直升机
5cc93165831b973d657f1437,直-9雷达载机
5cc93166831b973d657f1438,直-9森警消防型
5cc93166831b973d657f1439,H425民用直升机
5cc93166831b973d657f143a,直-9A
5cc93166831b973d657f143b,直9警用型直升机
5cc93166831b973d657f143c,直-9B
5cc93166831b973d657f143d,直-9炮兵校射型
5cc93167831b973d657f143e,直-9反舰型
5cc93167831b973d657f143f,直-9海监型
5cc93167831b973d657f1440,卡-60轻型直升机
5cc93167831b973d657f1441,卡-31
5cc93167831b973d657f1442,直-7
5cc93168831b973d657f1443,HC120
5cc93168831b973d657f1444,卡-28
5cc93168831b973d657f1445,直-11
5cc93168831b973d657f1446,AS350B1型松鼠
5cc93168831b973d657f1447,直-15
5cc93168831b973d657f1448,直-5
5cc93168831b973d657f1449,直-9C
5cc93169831b973d657f144a,701直升机
5cc93169831b973d657f144b,直-8AEW
5cc93169831b973d657f144c,A119“树袋熊” 单发涡轮轻型直升机
5cc93169831b973d657f144d,贝尔412双发涡轮轴中型直升机
5cc93169831b973d657f144e,贝尔222双发涡轮轴中型直升机
5cc93169831b973d657f144f,贝尔206“喷气突击队员”单发涡轮轻型直升机
5cc93169831b973d657f1450,贝尔407单发涡轮轻型直升机
5cc9316a831b973d657f1451,贝尔47单发活塞式通用直升机
5cc9316a831b973d657f1452,AW139双发涡轮轴中型直升机
5cc9316a831b973d657f1453,SA 315B“拉玛”单发涡轮轴通用直升机
5cc9316a831b973d657f1454,贝尔430双发涡轮轴中型直升机
5cc9316a831b973d657f1455,贝尔230双发涡轮中型直升机
5cc9316b831b973d657f1456,贝尔427/429 双发涡轮轴轻型直升机
5cc9316b831b973d657f1457,贝尔206L“远程突击队员” 单发涡轮轻型直升机
5cc9316b831b973d657f1458, EC 135 双发涡轮轻型直升机
5cc9316b831b973d657f1459,AS 355“松鼠”Ⅱ双发涡轮轴轻型直升机
5cc9316c831b973d657f145a,勃兰特利B-2B单发活塞式轻型通用直升机
5cc9316c831b973d657f145b,BO 105双发涡轮轴轻型直升机
5cc9316c831b973d657f145c,恩斯特龙F28/280单发活塞式轻型通用直升机
5cc9316c831b973d657f145d,EC130 单发涡轮轴轻型直升机
5cc9316c831b973d657f145e,AS 350 “松鼠/单星”单发涡轮轴轻型直升机
5cc9316c831b973d657f145f,BK 117/EC 145 双发涡轮轴中型直升机
5cc9316d831b973d657f1460,EC120“蜂鸟”单发涡轮轴轻型直升机
5cc9316d831b973d657f1461,恩斯特龙480单发涡轮轴轻型直升机
5cc9316d831b973d657f1462,AS 365“海豚” 双发涡轮轴中型直升机
5cc9316d831b973d657f1463, EC155 双发涡轮轴中型直升机
5cc9316d831b973d657f1464,MD 600N单发涡轮轻型直升机
5cc9316e831b973d657f1465,米里设计局 米-2 “甲兵” 双发涡轮轻型直升机
5cc9316e831b973d657f1466,喀山飞机制造厂安萨特双发涡轴轻型通用直升机
5cc9316e831b973d657f1467,卡-226“谢尔盖”双发涡轮轻型直升机
5cc9316e831b973d657f1468,米里设计局  米-34“蜂鸟”单发轻型直升机
5cc9316e831b973d657f1469,希勒UH-12单发活塞式轻型通用直升机
5cc9316f831b973d657f146a,罗宾逊 R22单发活塞式轻型直升机
5cc9316f831b973d657f146b,PZL斯威德尼克SW一4 Maluch单发涡轮轻型直升机
5cc9316f831b973d657f146c,MD 500单发涡轮轻型直升机
5cc9316f831b973d657f146d,卡-32“蜗牛-C”双发涡轮中型直升机
5cc9316f831b973d657f146e,麦道直升机公司MD 520N单发涡轮轴轻型直升机
5cc9316f831b973d657f146f,麦道直升机公司MD“探险者”双发涡轮轻型直升机
5cc93170831b973d657f1470,UH-1N直升机
5cc93170831b973d657f1471,VS-300直升机
5cc93170831b973d657f1472,西科斯基S-58中型直升机
5cc93170831b973d657f1473,罗宾逊 R44单发活塞式轻型直升机
5cc93170831b973d657f1474,卡-29/-31“蜗牛-B”海军型突击直升机
5cc93170831b973d657f1475,MH-6小鸟式直升机
5cc93171831b973d657f1476,施韦策（休斯)300 单发活塞式轻型直升机
5cc93171831b973d657f1477,W-3“斯拉夫”多用途直升机
5cc93171831b973d657f1478,Whisper Jet（西科斯基)S-55QT单发涡轮轻型直升机
5cc93171831b973d657f1479,施韦策330单发涡轮轻型直升机
5cc93171831b973d657f147a,西科斯基S-76 双发涡轮中型直升机
5cc93171831b973d657f147b,X-49试验机
5cc93172831b973d657f147c,麦道MD-902直升机
5cc93172831b973d657f147d,CA109直升机
5cc93172831b973d657f147e,贝尔212直升机
5cc93172831b973d657f147f,H410G公安警用型直升机
